,x,y,snr,rotate
0,32.33639645225657,29.146711972226935,6.890684259436647,0.0
1,30.758496286373955,29.776728075440214,1.2243504560653533,0.0
2,30.740256168640165,31.446754567097436,7.2609741693441805,0.0
3,33.54668227441364,28.94881994827529,6.536040323166284,0.0
4,26.627241067505473,32.56030716047099,13.20480099245405,0.0
5,30.548045903875884,31.792435933635907,19.219280158907438,0.0
6,31.31553084186852,35.11288061222375,15.972402224560057,0.0
7,34.10321815527531,29.656864306357107,4.329330097637817,0.0
8,32.995201723191286,29.582704000724128,10.334114747640022,0.0
9,33.674612590888785,32.79633443487447,14.336785701367189,0.0
10,32.831518538482655,29.139448744323374,15.117229128443334,0.0
11,33.46313633160918,34.314185400671704,5.749886636955999,0.0
12,29.064537009259563,33.98158129204165,12.64508789964149,0.0
13,33.144748706140426,30.281268153749206,18.67901669131575,0.0
14,31.601732202919145,31.05651403823349,6.904225802225605,0.0
15,32.28103078149043,37.001354202691914,8.03240208677386,0.0
16,30.211739919312777,33.15336059083639,1.1422423091955412,0.0
17,28.78205343513645,29.754541678770394,11.944675201658882,0.0
18,33.63348412644859,32.42932450567658,14.195501532547775,0.0
19,33.99300369640834,31.413828723496948,15.633082712178263,0.0
20,31.18844522208493,31.441078187128184,3.2890055583150684,0.0
21,30.390205304176128,30.609404096812963,17.35671771332726,0.0
22,31.059677246603783,29.525520672769247,18.68874516461478,0.0
23,28.39505480473485,32.140665493326,1.6806344164847542,0.0
24,33.907174417055096,32.52744364218116,5.453836579485871,0.0
25,28.946754923593616,31.808449575796732,4.8734934726463965,0.0
26,33.16917514917941,29.841344965248666,12.258367096410309,0.0
27,32.34685038177021,28.657760556376406,11.311546240629271,0.0
28,34.23275133763645,31.610958692158626,9.909008161104255,0.0
29,35.35978502196198,31.21125668859479,2.0332329801932856,0.0
30,31.980802809371987,31.859640486777813,19.088271704063953,0.0
31,34.090969693861474,34.791411999097186,14.355539806851418,0.0
32,31.024825867622813,35.32580717644356,2.484370413298214,0.0
33,32.14804084230283,30.03342767051766,19.262468356290587,0.0
34,31.925397772465647,29.834375242912525,19.88766381584651,0.0
35,30.467725952421937,34.552832741863305,16.506303219199143,0.0
36,30.882098534659416,32.30120805167511,12.363006845142797,0.0
37,29.329585036119067,34.34787587963308,9.873869697628113,0.0
38,31.40272191137572,33.94549399157941,11.5193182607312,0.0
39,33.107363055347605,30.70611412968027,8.15175081995778,0.0
40,29.552062772463657,29.937248261231467,6.112238193872662,0.0
41,36.10482924896934,30.894541178548486,7.776450777635719,0.0
42,36.84299494957552,29.661649750908957,12.293909694032202,0.0
43,31.01215602420585,30.02659794595051,4.0871888506994285,0.0
44,31.593763880558758,26.75394071224318,3.331401158426645,0.0
45,33.213761864036,32.43191222394113,9.937604860431623,0.0
46,30.598327112468713,32.922707771446575,14.851476863236961,0.0
47,33.07413624906287,35.84469065793837,6.586211969420591,0.0
48,30.80649851538551,29.812898793158332,17.44062244702904,0.0
49,31.582699196922402,28.490190211377914,19.69739200630228,0.0
50,36.12865526156779,32.001093916518236,3.087998192717121,0.0
51,30.27847071826882,31.884093247900548,3.6915296646053974,0.0
52,31.019617850745405,30.91588756203983,11.700508123081873,0.0
53,32.56342627495414,34.40358504000329,1.890775987518206,0.0
54,31.930203771051378,28.427752663381177,2.5486957211018004,0.0
55,33.35739739087119,31.633442713672828,5.367997162972052,0.0
56,29.52367105009567,29.883493121073638,13.078506146019615,0.0
57,33.069808373548376,30.108571786184463,12.19306415533245,0.0
58,31.811831755917797,30.489835120050234,4.291004064591627,0.0
59,33.92090243082524,32.92588825002597,16.71041117800364,0.0
60,34.42349835047911,30.69563269403847,10.979126538247554,0.0
61,30.968362736383696,32.68429225857299,8.086306751031167,0.0
62,32.65540824843001,30.64562464000167,6.600426054002796,0.0
63,30.108946562505206,30.1631066589604,17.874606123421188,0.0
64,32.92072950354446,29.943230265905655,6.716599861415899,0.0
65,33.6684100787176,35.18680166975415,10.82342502779435,0.0
66,29.992608967154105,30.458294534921592,19.730539880340313,0.0
67,32.418384255302975,30.220947936025603,14.9492755534604,0.0
68,31.48041074548895,36.76440930391626,13.923292711976597,0.0
69,32.30302565600129,34.272073063975796,11.308559356236334,0.0
70,33.388205878424124,32.64659200227868,17.76160839053081,0.0
71,30.25584353519306,30.411975782606522,4.913612029403185,0.0
72,29.76744916847968,34.17138796275651,15.565137274745982,0.0
73,33.11551070264432,29.373114701138963,19.011751006593972,0.0
74,31.503876264728508,33.353556388234594,7.180455812684373,0.0
75,29.087917337453966,27.750439464175294,13.16868023311727,0.0
76,33.060282158777035,34.778595559696484,11.054707042193275,0.0
77,31.54811729860911,34.661284864822775,8.24086985853936,0.0
78,32.70739478768896,29.9898403637254,1.372079645435314,0.0
79,33.780796716324616,35.059140860998596,13.517818594946329,0.0
80,32.49750060409479,35.03190074533991,3.668546323544014,0.0
81,33.232738447204866,31.018491837851244,1.947975033203324,0.0
82,29.89049576410689,32.93270725299927,12.2378560056263,0.0
83,30.838290947837343,28.335212634266064,6.094124010290519,0.0
84,33.82464755926921,30.155425417523396,18.544214735894858,0.0
85,33.6136906527863,32.1266213345793,4.313486488997864,0.0
86,32.84684760874639,30.762623208873517,18.388456718607827,0.0
87,32.78704825780406,32.262376721031266,13.646108325014966,0.0
88,31.029090488857808,35.271714073873845,9.413126344870786,0.0
89,33.76433156683636,35.6478682517894,4.267492339810133,0.0
90,34.58583009075793,31.879945054866372,11.062745996530943,0.0
91,29.19395578337012,32.450614733730774,8.345315310185718,0.0
92,31.93093611759255,34.863428302972835,5.110278248292057,0.0
93,33.16274008798101,33.0681356026415,2.1565306783056477,0.0
94,32.10659468851573,34.614321945637315,19.693670592116007,0.0
95,34.12542883451024,36.28616897552856,4.51138078126391,0.0
96,33.85998275232485,30.767053748999842,16.173136473851777,0.0
97,34.88581186628755,31.20860290386595,7.7721827020232706,0.0
98,33.98931256336792,31.57552877520095,3.632377899955233,0.0
99,35.100695134136394,34.71831129705843,2.9599908667135697,0.0
100,32.03180638127793,33.412417566108964,12.195566074349658,0.0
101,32.865101748307204,33.788723784015815,19.146234894356517,0.0
102,31.88567781155721,32.30014666124502,11.332418337328544,0.0
103,33.255653417115134,31.767683685033347,14.404044054851987,0.0
104,34.12774534912336,32.54274391253106,17.3381158496223,0.0
105,31.03152558289525,32.1718742283227,14.147069097568888,0.0
106,32.49195952237043,31.862103119463765,7.362372396966987,0.0
107,28.49333744687095,33.476965807267426,12.092352885305008,0.0
108,32.12360457372579,29.364504769362394,10.715426216079047,0.0
109,31.161214544348923,33.64144926731019,18.763332080121042,0.0
110,30.41647388642161,27.3028694370503,8.473167554902348,0.0
111,30.540308598856992,31.335486787179335,18.47480074023428,0.0
112,30.017990274087342,36.465186673235365,3.9215809689475223,0.0
113,29.666150558535353,31.360553772106726,10.517999256978369,0.0
114,32.490987091806716,31.761754076810174,16.459194812722096,0.0
115,32.09647962496072,30.593949350157743,11.533551201638803,0.0
116,31.85583269766386,28.460053285569753,13.925632308986676,0.0
117,31.84246053149929,26.523774045462623,17.17958399598761,0.0
118,32.47710045009389,32.165269212361274,14.053907601743635,0.0
119,29.82276166350887,34.05331647927837,3.5633388920007016,0.0
120,28.46979397267105,31.073195840756867,18.933386197322022,0.0
121,31.031664507162,31.615019586633927,2.337470476339695,0.0
122,31.49668845767205,33.301982938787496,2.2275481153559946,0.0
123,30.241674880475497,33.946686285405235,18.70577401560289,0.0
124,32.3695018625105,29.605941785107042,19.95334993147556,0.0
125,31.49217418374858,31.344213806314013,1.9612444875796224,0.0
126,34.28677464039557,31.689897653549814,5.27075663873451,0.0
127,33.22240584217185,34.965234677955046,15.705240534202737,0.0
128,36.0263205687322,31.091355006836597,8.543721465792414,0.0
129,32.70229144678571,28.942320873691298,11.535759166859759,0.0
130,33.8286513380291,34.122127378498995,1.6078351639410657,0.0
131,30.423646881815966,31.093460231447953,15.951370763861467,0.0
132,33.969642471921695,31.830932792769282,18.105374125264238,0.0
133,32.673875819785295,34.90282326373763,10.182774409408168,0.0
134,35.84230180384298,34.499376836304414,1.8005930957325802,0.0
135,30.131763221768033,31.049447552332822,8.246223890411212,0.0
136,30.781988062603116,30.260681083555273,14.429970718202204,0.0
137,32.20137820808018,32.56066194788287,19.802562723023595,0.0
138,30.558126064237946,34.13736883263952,11.855808341468737,0.0
139,31.931204001390768,31.07075897966004,6.856598959437554,0.0
140,27.851825192335067,32.52722938802287,2.3995150301905586,0.0
141,31.07197434662771,36.18575428516443,2.157571871522351,0.0
142,29.228009887838244,33.6786573269238,10.620206332904063,0.0
143,34.28143353172601,28.451228911258028,15.679662211502233,0.0
144,34.76169060266078,33.15115057621875,10.651866521773808,0.0
145,34.14472840795985,32.85945033385009,14.831029047035106,0.0
146,33.88083179722769,32.99609668429184,17.268921742753435,0.0
147,33.263932220402324,34.32825314919497,9.197954881360635,0.0
148,32.00618023029492,33.689959555790324,14.314143289051165,0.0
149,31.06728008004367,33.94687762518138,10.437637425935797,0.0
150,31.939547634991538,31.0843866979539,3.879753915079462,0.0
151,33.19418415956032,33.05975403810949,18.171761829076917,0.0
152,33.24699714726306,35.50146885540193,10.752160416701976,0.0
153,32.428801954873556,34.91857695069277,16.723276922337455,0.0
154,33.98008047193048,29.737496142296642,17.23670635851136,0.0
155,29.554125996412946,32.471535514502996,14.627007625266327,0.0
156,33.72661078814456,33.578849037902245,17.787612460859446,0.0
157,34.15808952104893,33.17147280495146,3.8992285670528046,0.0
158,34.18644443703819,29.006377588649322,15.032587439607875,0.0
159,28.913292677709112,32.3457281210835,12.793314807446784,0.0
160,30.75005969560474,25.52952489140624,17.013414937909193,0.0
161,31.76430255233333,34.027008546582174,19.085229540787957,0.0
162,33.89545383991663,33.736093812499796,13.31759162020962,0.0
163,33.65016808328364,32.44518233358124,18.740489944510266,0.0
164,30.68562707502479,31.19167170672176,13.721993678653428,0.0
165,29.56612585830904,29.39936628198835,6.02951052364081,0.0
166,27.599702563906718,35.60153867074434,17.316914697018934,0.0
167,26.99043874575245,30.985844865335068,5.500239346954563,0.0
168,34.24568653701821,33.22000170686346,1.3516251448867465,0.0
169,33.32901549844998,28.85267916828061,19.791627041982995,0.0
170,29.26097842219652,30.62960062674924,2.887096396459791,0.0
171,31.42653619149424,31.310055128939926,10.303989235614564,0.0
172,32.43187614166044,30.17894624699521,10.710930804472824,0.0
173,34.35682878841138,32.727592797847976,17.611987307292853,0.0
174,31.121229813204597,29.476023814029542,6.278351866836883,0.0
175,34.225500054803106,32.12284973042053,3.1653686093847133,0.0
176,33.60618041491835,32.3762441315834,10.817420892000452,0.0
177,34.885829528813844,31.224727365152408,13.686094368057438,0.0
178,29.853116045046658,34.36212411686296,17.4839790826993,0.0
179,29.705410291222442,30.342090557357245,7.923977131593234,0.0
180,32.51471948610093,33.41281006977798,10.223637919621293,0.0
181,35.16276871156335,31.02767838723135,9.654105142469028,0.0
182,30.03667032549001,32.711770675594664,3.608350831914667,0.0
183,31.166890597590847,30.95630950250044,19.708256267845464,0.0
184,30.85927149133796,32.45938480672192,15.501637291438737,0.0
185,31.93614297585914,33.94406250379646,11.470286785179372,0.0
186,30.449090865213343,30.39384606428001,19.02365834040937,0.0
187,32.655931478724945,32.246978483097784,18.6584764740013,0.0
188,30.96570440601267,32.093185663308695,11.864898606582614,0.0
189,32.06207751617834,32.21215826444898,16.21618985427104,0.0
190,29.36686960487245,31.85969550437901,7.260505883485623,0.0
191,32.09247065338623,31.665447356469464,6.767301870524488,0.0
192,32.18972131695072,32.72250052620437,7.066612362960755,0.0
193,31.171517784707532,32.06123943099207,7.309924010082526,0.0
194,29.305560042441837,33.8115020816472,17.71051317057494,0.0
195,30.76639659071895,30.843170508733543,1.292865073469375,0.0
196,30.752993553479726,30.079367658268673,5.446234244382145,0.0
197,29.140377503076166,31.64454066092367,13.256100854709073,0.0
198,34.19795767676316,33.82402892951574,11.29437020049075,0.0
199,32.41249617671611,27.113083684479367,2.846057490093641,0.0
200,30.083771191190515,33.25733600054869,18.97763619857362,0.0
201,30.98926575856512,30.272606964806606,6.21787853159532,0.0
202,31.63099957259011,35.15025249550273,5.789789116543952,0.0
203,29.690318809720534,32.49048169501901,2.1222383740513346,0.0
204,31.86143941711757,34.406234235494,6.565974538800161,0.0
205,33.210995325205076,34.146626176933175,16.210161517660666,0.0
206,30.363965713587408,31.076956658598952,10.601776259055173,0.0
207,33.79380265302764,33.090207962375146,10.38806113296625,0.0
208,31.26615760170255,31.759130758261183,7.907899183461178,0.0
209,34.215518268930914,32.7251305117936,11.066467917844001,0.0
210,30.148933567952426,33.4540874537741,3.0863196522693563,0.0
211,30.79163784163405,34.34883908553326,5.0606405060216275,0.0
212,31.420322326089035,33.44377943788396,14.833997991383185,0.0
213,32.766200656461905,33.08264313758353,19.68133961970813,0.0
214,26.6469665369173,35.35469481482199,13.600965856173016,0.0
215,30.36348851285918,30.4814880533857,17.230143902240368,0.0
216,31.94318777211466,29.92629273210234,14.289725052912383,0.0
217,28.878197521365365,31.473660097779035,12.774747485850167,0.0
218,34.12584594914388,28.820908474826616,8.658461115115392,0.0
219,34.29719920157909,30.988663578825008,15.434085425637718,0.0
220,34.02651771374592,30.87358252715254,16.01397493660821,0.0
221,32.83210997624519,33.44356344944099,4.153055666564129,0.0
222,33.69031922451668,29.418505651102564,6.999627314318801,0.0
223,34.200226503857444,29.977822929463464,16.954652816336527,0.0
224,33.87874926141311,27.55102080458194,13.529140263892891,0.0
225,33.20025309084567,31.502002877654746,9.009648737466645,0.0
226,32.1530493653094,29.464439347880983,15.408795324202353,0.0
227,35.55777201080563,33.41969186295331,2.4207253328288325,0.0
228,34.99458763204752,32.366576666884065,3.50125542246921,0.0
229,29.836838232430374,28.806764130655907,7.910660945896091,0.0
230,33.83448402427266,32.324106255265875,16.448498229535637,0.0
231,29.172860554540726,30.745986837914305,12.867145511637984,0.0
232,35.23358177338773,32.91218108920818,14.350206599553768,0.0
233,30.4000570092179,31.39401975204522,2.163524601692331,0.0
234,29.69347501062059,33.53692658399938,13.156073287688345,0.0
235,32.003652140184094,30.476466275230408,1.6929679312595787,0.0
236,29.141523529825907,31.86514994012716,1.8846600374410545,0.0
237,30.65286200315409,33.71635991817065,3.426181420662054,0.0
238,29.27801176422403,28.965604851330276,3.980631152553814,0.0
239,32.12304937982019,30.75425872089028,13.96761488967909,0.0
240,30.605277730091615,31.44946496984422,2.419063084210208,0.0
241,35.00092612973856,31.278528067669328,12.633736413411308,0.0
242,30.32784428291395,32.19103746584669,5.498898865285542,0.0
243,32.83603080387745,29.027564365330633,13.349312477817149,0.0
244,27.05135825656097,32.497588736162015,12.45123063715156,0.0
245,29.739154333221236,34.12437723604768,17.35170447864071,0.0
246,31.682257323089125,30.219265643443375,18.47884043927154,0.0
247,31.78557671407242,29.857824092046968,10.089103359633965,0.0
248,35.13897265814172,31.898523788685498,9.940059862714731,0.0
249,31.528115404703033,25.09458731847305,17.704926725810886,0.0
250,31.330693257170957,34.81246206136662,1.6777601027968467,0.0
251,29.35775431232495,34.43229304611451,16.38181780017161,0.0
252,31.855258302717914,32.52030907246656,14.025181814315365,0.0
253,31.654673158171377,33.3173363783162,15.485559885176057,0.0
254,31.931948787627377,35.79345501867924,13.110568278110224,0.0
255,31.62904870686456,30.39072940965862,6.170978183365305,0.0
256,28.967970390353912,34.762402161922616,15.92066739745242,0.0
257,32.73112019611972,29.998197665121726,3.2437351301900064,0.0
258,35.72924310203989,34.39523359196293,17.555920658721558,0.0
259,31.516298917345843,28.71480544661465,5.53990941792686,0.0
260,34.26545643045854,31.256565789336427,1.5932116471958677,0.0
261,30.806516379635976,30.791040128778704,18.857108762671043,0.0
262,33.68321587238157,33.155893629078854,18.392190305948976,0.0
263,33.079739772315996,31.39227094658092,17.83438796211064,0.0
264,32.32192798339828,33.399297343153435,5.652076912946945,0.0
265,33.3921628495675,33.852084318490675,10.312664135153653,0.0
266,34.085010826160286,30.554726374209917,10.148378983347632,0.0
267,32.36159981140931,32.758977373780425,7.237095999787432,0.0
268,32.441034904227365,31.24387553642729,1.1485434954914147,0.0
269,29.845655067901134,32.11224949455674,17.768954049048137,0.0
270,34.16399992850392,34.75313436873301,15.001871883005276,0.0
271,33.49545071649428,37.27744078888843,16.369686747644124,0.0
272,32.01856745316137,28.52332335573225,8.68977361048052,0.0
273,30.926753136855364,30.272696561887287,12.094881856121635,0.0
274,31.975073051618313,33.59535481432742,9.5832606479644,0.0
275,30.915366369475752,29.885941845402,11.552616876245422,0.0
276,31.74784998299115,33.423484496545186,3.2810532403083688,0.0
277,30.797335982464855,31.832062998608713,16.417744616361116,0.0
278,33.123944488961804,35.18475038320816,7.486092558360363,0.0
279,29.132690069924486,33.610054349852156,9.9502304343301,0.0
280,34.47722909918098,31.894978401043854,4.08069608563357,0.0
281,31.49093397191914,34.03904793285466,3.0064800199924444,0.0
282,32.938619669257946,31.775813770323232,8.633400253245902,0.0
283,31.376075720998237,30.943892626008424,16.136893373887105,0.0
284,28.39994769023624,31.229116838962124,4.12679799469102,0.0
285,29.39247937612605,30.932302647811838,5.0071120887479985,0.0
286,33.48772788412062,33.14054640459516,16.926981375827808,0.0
287,32.5039381393261,33.48483476549189,10.058789560141653,0.0
288,34.463686422306424,34.467488425620054,6.266962970141288,0.0
289,30.714109360987077,29.085731069696298,7.820640923268632,0.0
290,36.707641052328526,32.16370243723343,4.389799783763142,0.0
291,30.957937318802397,29.42483285782697,13.533347489401768,0.0
292,37.200925673355286,28.99648557201683,2.840833052348658,0.0
293,30.301990606805234,31.26385434949173,6.012257900396057,0.0
294,33.823953249717924,29.152385103462528,5.454765179693775,0.0
295,31.08871833485528,29.476637716389117,6.876114993885522,0.0
296,31.22561227055962,34.06314475809163,10.25225893532125,0.0
297,32.944850317790014,32.60659017193517,18.743114571902733,0.0
298,34.65218210096918,32.3132299530087,14.64565710473464,0.0
299,36.006083293875065,32.82792883142593,19.780114751173596,0.0
300,30.763790739558953,34.35766687988326,6.300341324126921,0.0
301,28.29148983026016,32.865860180694405,5.439930286102122,0.0
302,35.850630958486505,32.7364958679117,14.762933168801045,0.0
303,31.407821641320528,29.46428163717286,3.328854331971561,0.0
304,30.23955880546331,34.53392611365575,19.454339408358226,0.0
305,32.244679487726636,33.571861962826986,12.390187921718317,0.0
306,32.72831663621737,34.423929970404345,8.33625419639636,0.0
307,33.77346804886441,32.45706696802976,7.336194233927022,0.0
308,31.632663391719934,32.336666577488145,12.970038624674556,0.0
309,30.657646257566505,31.473931554309694,17.820551130107592,0.0
310,31.97145281691859,31.901333383121337,19.73193814886261,0.0
311,33.44918705835737,32.2138763137104,17.343384810923112,0.0
312,34.58758158404988,31.848368830361057,12.5982763065852,0.0
313,29.40892041866521,32.47432262474454,15.11266107363572,0.0
314,36.42328135052278,35.25924043800399,12.566408716048095,0.0
315,32.78147587695834,29.72666966898411,5.811388870221081,0.0
316,33.06590984239211,33.9851594135725,11.035041998658002,0.0
317,31.491885944240007,32.211218758154985,16.193745383612715,0.0
318,30.830261005785097,35.494006221463586,4.472731474524481,0.0
319,29.68745850336102,35.15338197011293,13.631679252220483,0.0
320,33.043999960413736,30.200349711316342,9.033819106815,0.0
321,32.20581950451756,31.539474297671568,6.232597518030199,0.0
322,29.874958208255855,33.55812962276966,18.517899881475063,0.0
323,34.177170708921395,31.847518551105463,9.13753312853846,0.0
324,30.654699065711107,31.146372483985143,15.55407629800454,0.0
325,31.521808657731693,30.852562298174703,19.302408456779652,0.0
326,31.338551641778253,34.38245360716279,9.483460647949036,0.0
327,29.76974947378261,28.340570137932204,9.371969163685348,0.0
328,32.271503694833186,35.412593142601395,16.627717658028182,0.0
329,30.98806417318407,28.46451137785378,10.139770817328152,0.0
330,32.831526973593085,33.63195497707573,18.93259072916712,0.0
331,31.365562559159844,33.25775509736966,6.401023614840279,0.0
332,30.577541683623288,30.65955344953875,7.9787218999986855,0.0
333,34.25953300241462,30.69200567725438,7.993350689177995,0.0
334,34.10757049358424,34.53644720808785,8.309474638845582,0.0
335,29.344598768677837,30.708047610809796,7.830565633184692,0.0
336,32.19904558340519,35.15064627064092,11.392647950676201,0.0
337,33.079900005142335,31.729136728091916,4.2102623456715715,0.0
338,32.552884815299585,34.83378896385629,4.957438553343873,0.0
339,35.98049416786486,29.994944396317788,13.49509469966768,0.0
340,31.793340916383674,31.26942443756949,4.610017477322694,0.0
341,32.452235667500055,32.15974609475331,1.7960888611098615,0.0
342,32.050171284075034,33.74549316845798,5.232154242763256,0.0
343,28.461487987091097,33.31600631861458,11.296922237099047,0.0
344,29.372127098556504,34.849809108862374,3.786497213948907,0.0
345,28.149238128496922,30.810436681724035,5.633775447045236,0.0
346,26.489229288131334,32.59016194821714,7.390868295697804,0.0
347,30.20185562331249,33.51249630530608,7.5262379322297015,0.0
348,30.257543461173004,33.5325665912597,19.314975693835873,0.0
349,29.72647017011859,31.423977642603028,9.67019477656734,0.0
350,33.45012854047649,31.72988476021506,9.305770966499166,0.0
351,29.574887316210642,29.62960828742496,2.3510363694891194,0.0
352,33.50243731320038,31.019905722500024,8.635964465156338,0.0
353,31.22561395632609,30.219033289003555,13.693155577191858,0.0
354,32.89911137544712,30.911274457976138,6.542273566082275,0.0
355,33.80499635539538,30.25570827271352,3.1396784133093423,0.0
356,35.09004556987723,28.71575833031254,3.3049494237519936,0.0
357,29.37863789010688,32.55537384518692,10.933947881198053,0.0
358,31.352334335644528,34.8842931819414,17.72234042406578,0.0
359,32.75722156979125,34.00937834306286,14.69970540394993,0.0
360,34.68252013432905,34.96261544687298,9.729109339319185,0.0
361,33.74932055951347,33.34649762775751,14.443380105413897,0.0
362,33.81905437634527,31.711586085832955,8.292793391917023,0.0
363,30.50216244701229,34.25222896730383,18.48689074336,0.0
364,33.66485394803603,30.13198901168607,6.956797819044903,0.0
365,31.96010020635538,28.50484794447319,1.594077965492437,0.0
366,31.20854951420191,32.77377870125766,8.357956319698955,0.0
367,30.411817941736174,30.946365022322794,1.7876674087716946,0.0
368,33.941471743120516,31.000909960868103,14.71708097563766,0.0
369,33.64356482915033,32.05128693815687,12.543969864222845,0.0
370,33.33625207370461,31.863646368259776,19.250696358412874,0.0
371,33.651083712592744,30.427919735190276,4.628292934156094,0.0
372,33.350914857266105,34.06737291221441,13.993388920479957,0.0
373,34.8386190921284,29.76659947931119,1.2480795059067518,0.0
374,33.202891080940184,34.50003407251942,10.635592315000904,0.0
375,32.75645999151459,30.879212026395408,13.368251367363996,0.0
376,32.35040463375471,31.7196482939551,16.69554760788389,0.0
377,31.52892175232555,32.080995432024146,15.432827496560122,0.0
378,34.58384671000838,31.079487398036402,17.476872055081326,0.0
379,32.37379638738129,33.02958855671726,13.720925694429223,0.0
380,30.84762213885684,28.18012625260956,16.130241813726315,0.0
381,33.40102576929232,32.63621935393794,10.953436108125384,0.0
382,29.336843444231885,35.79222490539031,5.049028350891249,0.0
383,32.48969800137656,33.140663190723586,18.709932998561,0.0
384,30.63835810704603,33.9058560284716,1.3896996129103485,0.0
385,31.03739154782746,35.19709556642183,10.274300262287948,0.0
386,29.787778734451972,33.364888143367885,10.607100597426275,0.0
387,27.94370059435815,28.687012457103556,16.600288000074563,0.0
388,33.31822391807131,31.68265345253626,2.2309882662889495,0.0
389,34.10488202713664,29.31739872774877,7.469186869462657,0.0
390,29.746690638075005,35.28902419332907,15.455834619465302,0.0
391,28.145775890246743,32.04645516652461,10.124822997609542,0.0
392,35.29840603836255,33.92432894255468,16.282343169257818,0.0
393,31.79215841747149,34.39113245209712,17.133282667528178,0.0
394,30.690134580745273,34.917427014184796,11.540483302926939,0.0
395,31.77471988452959,31.402420813467067,6.807060850208256,0.0
396,32.89009297427423,32.68043339430774,17.231305052557033,0.0
397,32.53200712894002,33.6071543575779,19.373572905195843,0.0
398,32.16511523839621,31.657632642459262,5.250788203180119,0.0
399,32.17317781227947,29.114785079811284,10.197731188416446,0.0
400,28.791233720340912,33.95446404363969,4.96261506055337,0.0
401,32.21207114473385,30.79063032696318,11.039833083553983,0.0
402,30.697166417341432,33.312013926611854,4.324295756555541,0.0
403,31.77367959772694,31.22669202309288,14.798553603975158,0.0
404,32.05467944972804,33.159857763663545,2.2457133600090238,0.0
405,32.01031696012665,32.336552801807265,19.737619798735697,0.0
406,31.44895813753923,29.459683785098516,9.851086427047491,0.0
407,29.80695258245602,32.875713284162906,15.297648330515635,0.0
408,34.13789805826533,32.32798094605604,16.030427478029658,0.0
409,32.69624611346644,31.004966019323334,14.619162336222514,0.0
410,31.97803705826448,32.41913059757814,19.2644354931638,0.0
411,36.36737031346804,28.563496006490073,19.02990725156458,0.0
412,32.48658387510433,32.04618790276041,17.735310908002454,0.0
413,35.17231064373397,29.749526188867282,12.514126098242361,0.0
414,32.43784591049333,31.511409917006585,1.3811596320044277,0.0
415,30.38599332620341,35.440668298329314,14.207041231868017,0.0
416,32.37846460444641,31.596684275828057,10.30087567078688,0.0
417,31.149619744255066,33.1766933931493,6.043806860122359,0.0
418,34.63919196632739,31.047238350013536,10.304234021658345,0.0
419,34.662828779002936,30.442201204910027,4.607760714301506,0.0
420,31.76879396737486,30.320408319745898,11.244603234733951,0.0
421,27.847671757603536,32.15084141407609,11.404417039284587,0.0
422,33.2876695206967,31.472985660708986,15.77562578067641,0.0
423,33.189000159861486,31.921649034613893,18.575176545293115,0.0
424,32.36092736419002,34.431598880507764,14.018528988631,0.0
425,32.44739814652625,32.13427760766761,14.004385800052919,0.0
426,31.371332777099134,30.295240904002352,12.903683485465432,0.0
427,31.102545937526745,32.11097881665966,6.001972399323125,0.0
428,34.04144759444703,33.02378537764078,19.165667015088218,0.0
429,35.523112142041796,31.665380176464158,13.36645576912387,0.0
430,31.608681305795518,31.671965716414025,16.74990898705432,0.0
431,30.340762502336798,34.27641940234592,19.20919585934064,0.0
432,33.877070500548996,32.417002712186324,19.868232215756443,0.0
433,30.303226705776012,31.984021878454865,3.0448209605666667,0.0
434,29.540241585623615,30.725588279278355,16.719089468767038,0.0
435,31.689942544605252,32.42677220832948,18.042261495972994,0.0
436,33.02899232317073,29.467315864418424,13.776420784966861,0.0
437,31.429392743701985,32.8942740683834,18.332200107562418,0.0
438,27.67172766619679,28.999717691764918,8.561550729489287,0.0
439,32.94061459013975,32.71545793305682,17.701616083134255,0.0
440,29.495087374117205,31.932329518736754,17.651119967824858,0.0
441,32.76426523055403,32.78748552550314,6.4464161448039,0.0
442,32.809397586701,29.86376111310084,11.593317054502924,0.0
443,33.47668645608123,29.22970986281865,11.861963306839787,0.0
444,31.830298212574938,29.906289721875098,16.463956334949287,0.0
445,31.933569786289134,33.72964633448896,6.942103361290414,0.0
446,36.63609209228649,30.610764262012683,9.51341617969241,0.0
447,29.649069417523382,31.75361811819094,17.05631343272569,0.0
448,30.039567705713846,33.248883927657396,10.546618072459825,0.0
449,32.18085914175565,31.06272026141305,5.557999834658962,0.0
450,35.061237781224904,35.118305357249035,8.515874462128025,0.0
451,28.902616456448335,31.865054117248977,12.672947835840846,0.0
452,34.48697306561672,33.25933064730208,5.457331640748047,0.0
453,31.573500491483486,32.32055021422848,3.0210627622899526,0.0
454,31.223944563495014,33.01456395829245,7.760480630200652,0.0
455,36.7502005911912,31.127339867632784,15.547961135242836,0.0
456,30.75231890476352,33.04035395007267,16.576155683502414,0.0
457,26.906882766590606,34.64542618160639,19.89070256388883,0.0
458,32.62092440597131,30.332010609537818,17.883041157470736,0.0
459,32.09853296585581,33.43679993530372,2.1132113557619165,0.0
460,31.22115045873007,31.995476946400153,16.359905291790202,0.0
461,31.93902386194819,31.863263876214315,11.614983094450126,0.0
462,31.53591199962462,31.979432004968448,18.23205434665952,0.0
463,30.889281915786544,31.123946666848873,18.601140664173773,0.0
464,33.19623014056381,33.19648194426112,3.126450788046329,0.0
465,31.716075421156468,30.88491320303876,16.438974515605913,0.0
466,34.50185664646787,34.92605187065985,2.912949319766857,0.0
467,32.28818688564023,28.913563539075056,6.380155434008387,0.0
468,30.06536753193098,29.33156873458177,1.8735318629479762,0.0
469,31.860973766624635,30.92613604534673,17.30675753934509,0.0
470,34.99649219590378,33.24988436478096,12.405944405708698,0.0
471,31.778500126222337,32.68292679040353,16.337874622507602,0.0
472,28.653579586040863,33.34818309174137,3.149037706002348,0.0
473,30.040534111364718,34.069893266883184,15.84452918590025,0.0
474,33.51829878808103,33.9319732315902,2.9819958607943513,0.0
475,30.79865380713737,30.62473749222211,15.794624344744065,0.0
476,29.67807720364338,36.014831164673915,9.560727810243272,0.0
477,30.776895183120388,34.311892278470374,15.86649749286292,0.0
478,30.37217574578911,31.026037489034724,4.2076266446766555,0.0
479,30.783382093633765,29.515680475565414,13.311365032516223,0.0
480,27.295149085505702,32.80678337132827,9.231717082375333,0.0
481,35.61729059200473,31.908047080870656,12.575571471317748,0.0
482,29.99600893056351,31.0291291755372,14.207072460120454,0.0
483,30.40107785849723,31.792771085096692,18.74166146004073,0.0
484,27.50769985797317,28.87812589188364,12.75049059719687,0.0
485,31.32276544518246,32.17692036825407,11.598112614076047,0.0
486,31.052775072851635,31.954676795755148,8.708214487004394,0.0
487,33.00615450849207,31.38496622893806,13.040110817279643,0.0
488,35.93803348436135,28.796268813398306,15.240044693103643,0.0
489,33.29623744930755,30.758193220358923,16.608769547850102,0.0
490,31.807798023616588,33.71231646359053,4.3476885920826245,0.0
491,30.92007840955902,29.514465934113964,8.377444181891427,0.0
492,33.45377504251173,35.35739974636908,17.125980361985476,0.0
493,31.31599538113515,30.35485492737239,14.564608066690411,0.0
494,32.16345852032831,29.74262023298279,16.357046891828894,0.0
495,30.056043716509866,30.430027822838227,2.919204685206263,0.0
496,33.49501391801485,29.54031425401694,14.043586530875944,0.0
497,31.60552219303905,33.41025701221386,4.8071963742596715,0.0
498,31.495249672639687,31.391143439873186,6.298449867395319,0.0
499,34.759027337158905,34.968915614015486,16.05691315608975,0.0
500,31.206102023526565,30.520727823398964,19.400402083032837,0.0
501,31.046081094727974,30.789612623425597,13.705715338287211,0.0
502,31.898333191931798,33.588936820957606,19.89099939468525,0.0
503,29.575965027249083,30.70753930878288,5.625403893575021,0.0
504,30.925874041129088,31.74503932635468,3.7531897224920185,0.0
505,33.349606168850364,35.14800806846197,6.527334876387443,0.0
506,28.781865608074057,30.88321503595426,15.266728269634353,0.0
507,32.01442001982554,34.32625274002195,16.723195474186518,0.0
508,30.574969620176443,32.829398392696326,2.7429930162523597,0.0
509,32.19928168128658,31.88377724405599,17.564653767277726,0.0
510,34.43427410199443,31.857781715130717,10.28714806982099,0.0
511,34.57728812014725,34.614685105999456,14.155479903597623,0.0
512,30.63099155836438,34.21745019036263,19.503176591776114,0.0
513,28.611071696237488,31.59143422904114,2.378560379717192,0.0
514,31.63999573542211,31.86325079935046,9.08513175719212,0.0
515,30.95935798128266,31.23962800297546,7.817560850038121,0.0
516,30.60513710265787,32.043865677284366,12.075110438621767,0.0
517,34.965271173808766,32.042290372324835,7.741857837538998,0.0
518,32.03786854628494,36.946833928704706,14.345933081338034,0.0
519,32.63782320865861,34.21086560603095,5.403785510776418,0.0
520,33.631916875026604,33.1589907673829,13.433235435326061,0.0
521,32.67043396275249,26.515258891427788,7.361795941474893,0.0
522,30.44558824358551,33.878017022358556,3.380668521690335,0.0
523,32.090146442342665,30.827400460831768,9.024115687297458,0.0
524,30.37344150220336,32.40327465750184,3.2173326578593113,0.0
525,32.411980811922696,30.970998137363623,16.989110765012757,0.0
526,31.338116289420103,30.344285042189686,10.858696436355192,0.0
527,32.59901988495361,30.57112240148335,7.039522306617717,0.0
528,33.681029095778726,30.57115962695167,17.582419848477638,0.0
529,34.12226659714839,33.37051759356551,14.34439180741648,0.0
530,32.90478728438375,30.430628709835542,9.688566510835544,0.0
531,31.501441459019173,30.620434052699288,2.143888773816673,0.0
532,35.64907977231223,32.332551353333855,19.14256499489466,0.0
533,34.005839223246284,28.38027003372335,18.66932699207574,0.0
534,32.47247836166288,31.070094271977162,6.394372938886181,0.0
535,33.65122866849022,33.602756300131425,15.925024028475192,0.0
536,33.548739995400425,31.614998080141586,6.663053137990199,0.0
537,33.780576463337596,35.443711248677864,15.493856698726965,0.0
538,29.62151396462553,29.819488291544086,12.461844691115544,0.0
539,31.84733938756571,28.560116209371305,19.131888761672055,0.0
540,33.41769889982031,26.994744058482635,9.165344501652909,0.0
541,35.41899519222527,31.88826001037842,10.76708940203505,0.0
542,31.38503765362989,31.010848915366996,16.05846925999928,0.0
543,29.775782337590595,32.17073633194979,8.056111751165394,0.0
544,30.12774011528835,31.481258847298367,4.0889844194100995,0.0
545,32.7629688668318,31.241007136620237,18.143331309388557,0.0
546,29.546849499658016,31.364735776522455,15.169057280744843,0.0
547,32.972053045637054,30.835822953930244,17.85178878307274,0.0
548,31.68286751521242,31.941016475551987,11.259103420509732,0.0
549,33.57585472762944,30.698042289271914,6.490657923849593,0.0
550,31.478855260713978,30.45678554196629,1.7433983243306095,0.0
551,29.4028503981317,34.703489945643724,2.7835509735171047,0.0
552,28.889571067346303,33.774872753903686,7.485130695537364,0.0
553,26.4679300223739,31.488781485699782,12.502063989954221,0.0
554,34.085687753327505,33.343163716848686,18.740904297782848,0.0
555,36.06722393707039,30.823438709171025,17.019663320651965,0.0
556,29.722876215835836,31.862821524906646,18.705441427830777,0.0
557,29.89972235084018,30.258278594210875,18.076201758887287,0.0
558,32.500426772985996,31.39136626435986,16.832005450222393,0.0
559,31.990565963396993,27.555968401243653,13.493406047728392,0.0
560,38.40957267408014,29.593834342310945,12.006528918150014,0.0
561,34.02117643201497,31.393197025653482,8.710286149419336,0.0
562,30.277634090895027,34.06618983848062,6.540413133490996,0.0
563,33.971801872841056,26.9104565058964,8.678555995655477,0.0
564,33.265074869843446,31.592950699155807,11.477433421262747,0.0
565,30.611907690465273,33.977584858902524,14.040961557570531,0.0
566,31.51740135482449,33.2509412070318,19.859131328847102,0.0
567,34.58395078011433,32.28390203684071,1.1604302906142403,0.0
568,34.634186166934185,33.19678490381805,16.03768714717644,0.0
569,28.88825006820269,32.09719221743599,15.322258790312013,0.0
570,29.94008740435095,32.33537772847206,13.702736559217653,0.0
571,30.320092449508525,33.06786568063464,7.350612629875597,0.0
572,31.24823869464902,33.14762521960854,11.440628492417419,0.0
573,29.809822078595133,30.05184477693289,16.875279967403088,0.0
574,31.421146444973736,33.72654703146861,16.4081655391169,0.0
575,32.59789362689253,31.81229098494719,18.07995126597512,0.0
576,31.590312724709232,33.230280868213704,17.344737209029685,0.0
577,32.45883097187301,32.46143131255256,10.17806789394984,0.0
578,33.024829469407855,32.0594151352534,13.216602033877292,0.0
579,33.50350188610628,31.943820936748835,17.403931822151264,0.0
580,33.16302261850264,30.23089342516267,6.428651716526538,0.0
581,32.908177219211986,31.118539638703645,11.904409446874727,0.0
582,29.051972468832332,31.800144686556525,10.0695768364656,0.0
583,28.166388758153005,29.43515027542614,2.144667808035689,0.0
584,32.22269258589641,32.689162902147366,8.34860981531551,0.0
585,33.16896596283276,32.39576510537103,6.190381978472827,0.0
586,33.39500037964318,34.29016192244977,8.1675721156017,0.0
587,31.165139809760248,31.429106064924976,10.244474096940937,0.0
588,28.97075130919529,28.748897612923585,16.93387330774383,0.0
589,32.82407984278562,31.482933765049868,4.532522120058514,0.0
590,26.134611059020724,34.838845489304234,12.451817111622264,0.0
591,33.39818411068449,35.57837466064485,13.582619590036224,0.0
592,31.513246800210737,32.93559883020602,17.161792345472655,0.0
593,33.76330057066056,32.653341563806926,7.042767455846339,0.0
594,32.19345839103097,31.985966828755924,19.9143375941054,0.0
595,33.68611455633007,33.33682025613577,2.674126518438059,0.0
596,27.2879910568292,32.506384290993886,6.465632742252514,0.0
597,31.708326826213764,31.403912106587796,15.592056226888172,0.0
598,36.851870787799506,30.04552773034776,15.48599985038329,0.0
599,33.08863834297939,30.99343384788899,17.601052776508617,0.0
600,31.581316245831083,34.890884925114804,5.213266588145348,0.0
601,32.62891077097958,35.52209162560246,2.5694977346589627,0.0
602,35.69871302560829,30.69574892072456,17.127117490546702,0.0
603,30.814864233132273,30.977007788733253,8.292125578779874,0.0
604,29.24502510325993,30.411279303723155,7.774785523755894,0.0
605,32.464200025267566,34.017691744755744,4.01426909202911,0.0
606,33.3582437176839,31.88027508227961,7.802560544613682,0.0
607,31.408004444809087,31.84662719171097,1.1374851896367404,0.0
608,31.410003897804994,31.745706269862886,10.304563181859226,0.0
609,30.85834795907314,32.99446987600087,1.7868687513882375,0.0
610,33.04251637817845,36.84075025517726,1.719241939065409,0.0
611,30.988410014767187,35.06542446233863,5.179381587928757,0.0
612,29.08619549681006,29.37867357679346,19.530445101165288,0.0
613,31.305198557351194,31.376786647939053,7.75657158423637,0.0
614,33.829240247203074,31.559570635835755,2.216958204915616,0.0
615,30.0948123404211,31.92654107587748,1.1909996114252044,0.0
616,34.93280190183667,35.38093027189123,18.112061498242852,0.0
617,31.491655116556885,31.642853493713705,15.267311046022042,0.0
618,30.885406726519356,32.759452893901035,12.047182508378901,0.0
619,36.22159993171881,31.341925046955,19.214026115002813,0.0
620,33.58935748763608,32.533042264253716,11.22921345099848,0.0
621,32.0132580002504,32.22746640110828,18.789705685246073,0.0
622,32.75683992142363,35.854983865037454,18.84647384520858,0.0
623,29.833674449072635,30.658191343724468,7.501120166282416,0.0
624,31.16513340169124,32.361416835937014,11.5211468398339,0.0
625,29.563883458978992,28.57615022917603,7.006325188910367,0.0
626,30.627514565535094,30.884745039105226,19.482734066171226,0.0
627,33.737960693326045,30.21835988917199,13.30399280332772,0.0
628,31.68070842488211,29.51490417273877,5.243080879514846,0.0
629,32.54938632921918,31.324746028622283,11.837686844631882,0.0
630,30.96817692831304,33.60829135628578,17.835875273194283,0.0
631,30.887324936158507,30.890015032923426,3.7643873196555218,0.0
632,34.53550095547849,27.85181727529913,10.493673800982553,0.0
633,34.71368233118828,31.45846858752648,2.0686872789567534,0.0
634,34.07664504497885,32.228948936349475,3.1589892202564434,0.0
635,32.677452042526305,34.48985043105289,11.370347595165622,0.0
636,30.785815336339443,32.50013306057841,8.753098099839677,0.0
637,33.86707010663726,32.89227135526186,10.721353134698717,0.0
638,34.744807768720655,34.98570048051549,19.991055331963384,0.0
639,33.93327663955255,34.062974263442,14.717303404296917,0.0
640,30.784798392872315,32.95188963766104,7.870807604370657,0.0
641,29.801398204326013,32.97192469279365,13.774604013965577,0.0
642,29.686790607313593,30.991270088517687,9.720241612960494,0.0
643,29.696644719351035,30.214627325134682,4.684491783344563,0.0
644,32.548207496583835,30.61858896616669,5.277400578627646,0.0
645,31.674690834925958,33.385216291737855,8.85380668103957,0.0
646,33.98235543789828,32.1491577246499,14.154144492854133,0.0
647,33.07274393193268,32.951562382490906,17.914464691777113,0.0
648,32.17217148858791,31.964717924705027,9.375732043909325,0.0
649,30.2700834219618,34.14739165095397,1.9913968291753705,0.0
650,32.51469200284515,33.312066195146876,16.041386869990752,0.0
651,33.034805843652904,33.93121853299467,10.852578145109682,0.0
652,32.178934985259374,29.774722000912192,8.569963887268507,0.0
653,33.0788323404054,33.6340227316601,16.61249611377886,0.0
654,32.61263759311806,30.63830670265839,15.579172214340677,0.0
655,33.44640553287391,32.136234198092104,2.177234816948417,0.0
656,32.74172468671473,34.068328740752655,13.560590088879618,0.0
657,34.593894670754736,34.0712695273122,1.4327483856491852,0.0
658,31.07917062971247,35.39204415691605,6.354630363502284,0.0
659,31.642098998780444,34.544140465345784,14.583587653893828,0.0
660,33.43575372114513,32.34470473330051,14.365249770355613,0.0
661,32.89478403837768,32.83834642913831,3.5612264615082303,0.0
662,30.102327350554095,35.763454127387384,19.98849242971733,0.0
663,30.040276214420874,34.93909391565651,18.909688683326742,0.0
664,33.36693319835506,31.590995085600298,6.141624613523579,0.0
665,33.065625965920674,33.767377643033655,6.654742935664415,0.0
666,32.27226943847437,33.606006927573425,14.625605027761997,0.0
667,32.72150273648601,30.722001113002136,2.5978290661262626,0.0
668,32.12537150999494,35.29899258540009,19.543591938636744,0.0
669,31.16980004290064,30.704783211945553,18.691357980378662,0.0
670,31.303451656554312,34.15780282958601,5.920067325043886,0.0
671,30.88974366203116,33.59626837969201,14.756599701120871,0.0
672,32.44079145157318,33.74663440274304,13.44867551172371,0.0
673,36.63952434975411,32.80376817918909,5.028766988411968,0.0
674,29.828505314020294,32.14935358652079,18.574023182814315,0.0
675,31.6429590170102,30.393469819918366,12.681560663326394,0.0
676,31.85636162352285,31.612821873771924,19.34805669298259,0.0
677,33.71998569058758,30.66850018285656,5.149291925685836,0.0
678,30.46183839119986,33.60493035985921,12.28811116638954,0.0
679,31.21000494210669,31.372967299233206,1.2716419355004787,0.0
680,32.438388778343985,33.50232953670606,6.437557850563187,0.0
681,31.587372025222006,31.882907227407625,15.32762357114726,0.0
682,29.452872896646504,32.663422976828805,11.41227063156381,0.0
683,33.4172376807701,32.99951201058596,14.503555677103698,0.0
684,28.333421048724457,29.37797505549049,8.181206256468071,0.0
685,31.107263738262574,32.92511153088659,18.06664437319111,0.0
686,30.895110148979988,31.066265018046856,13.048284366445563,0.0
687,29.698508813454364,31.541117515582755,11.773791183599116,0.0
688,35.47021799477233,31.44979466285131,16.900126809373727,0.0
689,30.31928456894221,30.443721591135066,1.2256552582210527,0.0
690,30.854817100228924,30.616287099405866,5.977107623828522,0.0
691,27.25068613306322,31.38329513058917,17.895202536955573,0.0
692,31.461911188459652,34.141107854010684,4.030685142468338,0.0
693,30.736491066859926,28.742185281358886,7.990745366185184,0.0
694,32.643166723949044,33.099153756559254,6.053605069590678,0.0
695,33.73387168133692,31.05741642549579,2.303565967352741,0.0
696,33.946235191710294,31.21170694967898,10.887827900164941,0.0
697,36.30665358664691,33.32010896521912,13.863487470818836,0.0
698,34.44455301375525,33.50366070274914,19.372374531500686,0.0
699,31.29508271711793,30.90868982496257,17.0713585375851,0.0
700,34.91384404683383,33.7735447133007,3.540310313543323,0.0
701,31.241585412193423,29.36736060792389,5.7468335261278805,0.0
702,33.85504644160855,31.66393396559806,13.882543133985981,0.0
703,32.937414206917886,34.19252896102218,12.893441440188466,0.0
704,30.461232386784605,32.687883384507415,10.093303377594689,0.0
705,34.220102714714365,27.84638695285542,6.293674714258443,0.0
706,36.82193161858911,31.34731419555956,17.814455872523627,0.0
707,36.30278014034742,30.577284660314145,4.521095077536191,0.0
708,30.40077382377283,28.839275050780238,19.361741409496737,0.0
709,32.107431060635406,32.28848012630264,5.883832336845084,0.0
710,34.9946270903325,30.517263439737377,1.4226408381788944,0.0
711,30.68967751456552,33.729864408491814,7.729191338704343,0.0
712,31.869949567294647,35.029128615437585,5.301608332105166,0.0
713,33.31515518465826,35.019055738367854,4.5664627212354,0.0
714,31.53137167547449,31.897189760173447,10.303894227691133,0.0
715,31.934690960466042,30.267496598393397,10.330074923581439,0.0
716,31.6332170049172,31.028761571635567,2.9584923164597905,0.0
717,34.789940920898225,31.39649543102254,11.557632808624659,0.0
718,31.043004312761013,31.79423725019238,19.632860359456465,0.0
719,34.441540852094796,34.525187640971474,8.443976870840526,0.0
720,33.01853424526292,34.70024872150138,5.075260374126707,0.0
721,35.46084526265256,33.5468332630472,8.861513179968778,0.0
722,29.327970060791664,29.85240379783241,14.851884377459127,0.0
723,31.391985926704557,32.44562374154666,13.643937462799151,0.0
724,31.277145335087493,32.73025420337147,10.920909269533034,0.0
725,29.114774174543303,30.166704388267004,5.249388909349352,0.0
726,35.396255935884625,34.980586304067536,8.284566565467122,0.0
727,31.378380555532562,28.020476091158802,5.609448288596547,0.0
728,30.368115419759175,31.812539193031345,17.358667635501497,0.0
729,33.4976849612305,36.19842199360333,8.270152568555204,0.0
730,33.767107864368,31.578899858815753,4.987115498215379,0.0
731,35.832330757448915,34.06651870010195,6.929434365265447,0.0
732,34.807572718023934,29.354285080108944,6.994881681999875,0.0
733,30.407626431012602,34.10740616014849,7.663828498668316,0.0
734,31.63130455390785,32.926345220395525,10.00992318067443,0.0
735,35.025480105836714,31.65599295134645,13.4226432084341,0.0
736,31.493618116293824,33.03028618107019,16.582304875992428,0.0
737,30.01569890848832,32.69145243163824,12.158279080588418,0.0
738,32.749162642581894,33.9395811057496,19.75155963891215,0.0
739,31.640536277829177,29.614038941090666,1.1729317676380757,0.0
740,32.31301989061075,31.15899929533961,1.3579244144968383,0.0
741,29.898136368318646,32.91341507383932,18.296665446473327,0.0
742,27.517193201959216,31.26560129162617,9.831401108101602,0.0
743,30.488442083352798,34.314353341503846,4.424575058735808,0.0
744,31.220432345584623,32.041655677690336,5.281277539778634,0.0
745,32.034330647300294,31.477065813507032,13.335795935265912,0.0
746,33.66376363470197,33.637821112103516,19.63140824564286,0.0
747,30.004440272423654,33.214098057644016,9.568876391714369,0.0
748,32.73000606038264,31.3594880732969,9.278682080408535,0.0
749,28.3923843466919,30.511136151421134,9.129069598167543,0.0
750,33.43230752810327,34.19723764004293,19.08718590630153,0.0
751,35.196422523313345,28.726329818769,13.749865188430677,0.0
752,31.650356025875336,32.716106247914425,19.726855356365842,0.0
753,32.76294331858077,36.241832222110226,9.788652380057945,0.0
754,31.345222996447607,35.77859716553907,1.1033734291444013,0.0
755,31.21755006821192,32.6354317159997,6.609846361322257,0.0
756,32.68208736742421,31.31415673039836,15.649275178159623,0.0
757,31.813553911322487,30.647954625273265,6.209974371169573,0.0
758,32.467782081896445,29.36288950817255,7.703331422937371,0.0
759,29.310512007682718,30.754839806097937,19.037821769775007,0.0
760,30.585228111331865,33.167521770002075,3.710270077548507,0.0
761,31.804309163500456,33.54090048696949,2.277809400631657,0.0
762,31.170838128454463,32.04662165007165,16.783806337322012,0.0
763,33.341510656349584,34.57637969422883,2.545896359232728,0.0
764,32.99188565478266,33.46724242228615,5.365010498473234,0.0
765,32.983235972105945,32.56886084075055,6.614482125484611,0.0
766,33.59196487440322,30.523285949367548,1.452681573728856,0.0
767,32.693007015387295,30.90193478577659,19.197360703672604,0.0
768,31.368461793478527,28.72057795878047,7.235567642908718,0.0
769,32.83875665602982,33.716421709959825,13.09996493021798,0.0
770,30.609287414120438,31.747389670252684,6.007625244633939,0.0
771,34.77726329725428,34.74974465918749,6.4713361051881,0.0
772,31.292778775320585,30.359324510929635,9.40242666955983,0.0
773,37.045733130358755,30.8763733641208,16.362891543854744,0.0
774,32.49662209577669,35.358983562446426,18.422713821689666,0.0
775,33.35312878971328,31.315793354390483,7.871268660904242,0.0
776,32.89225782402006,31.889715939039412,17.182569015138696,0.0
777,31.49872608825048,33.37925625227475,5.164927725394988,0.0
778,32.08660202389638,33.814615072754506,6.593080236562194,0.0
779,31.390256189451154,30.582777120398326,14.875302705906948,0.0
780,31.912235140990795,34.05370178016019,8.85203914117584,0.0
781,33.758135434495806,31.798455882052583,10.908318685710759,0.0
782,28.278082473398698,32.6155325863356,17.180425054433364,0.0
783,32.69574431038287,30.891928215095003,1.4834294888459105,0.0
784,30.312058158209982,31.422263917957277,18.488372967424947,0.0
785,34.86119918414786,31.96776649757365,18.086654642563442,0.0
786,28.745247874574606,33.699637345606995,4.938216167422965,0.0
787,32.138880248310585,28.87458453774102,5.328558093587409,0.0
788,31.823924797400963,32.527189121724234,5.532147637138367,0.0
789,31.41440546535587,33.22157671510549,5.9152033901204275,0.0
790,31.068178521077186,32.4891627296175,12.646025361938662,0.0
791,33.48696025415151,34.83758674410939,15.115658497836936,0.0
792,29.784437657565025,30.172292210274705,13.129473006704275,0.0
793,32.95264692870362,27.358606039000897,13.677772535652016,0.0
794,32.363477967032516,35.34652258651928,9.54006783196003,0.0
795,33.18740930433271,28.134221838846255,8.163885494978658,0.0
796,31.6248679296182,32.29358404773416,9.06559578930999,0.0
797,31.827429027981474,30.610710092831955,3.3131464486968056,0.0
798,31.468955493417653,33.269875324610744,19.635679668379616,0.0
799,32.89263348240284,32.91542905304154,19.522814199095297,0.0
800,30.863866148991676,31.936746843219613,15.907762653615768,0.0
801,30.59359667205869,35.007082273735534,3.900693892264593,0.0
802,33.28402845576184,33.44662417611182,17.851637603154085,0.0
803,29.985342476100094,30.781737159443,11.923558598774951,0.0
804,31.132731235248794,32.54821444490345,16.83235107474497,0.0
805,30.997153411892505,31.96655468626695,9.101849242085107,0.0
806,34.82498027982211,34.0392720962488,1.979871780508084,0.0
807,33.49607212952677,30.35419218478185,7.134581920874104,0.0
808,31.279444197870667,33.21180555328159,5.578741286310323,0.0
809,28.85692376714109,31.3552037363815,14.58062013044895,0.0
810,35.59210912272975,32.91494094978218,8.116100062058383,0.0
811,31.647915757975127,33.399646885180196,9.7178380101706,0.0
812,33.74174979026118,30.516883260475236,1.2848869982604656,0.0
813,33.03974696805711,32.247343189509124,18.704376291480536,0.0
814,29.190512477724898,30.45551726856573,1.914053912545306,0.0
815,30.857315982201087,32.02684060751168,4.660460904339777,0.0
816,32.55570223750768,27.58167382211692,11.894688651597978,0.0
817,28.3727123219547,33.37665607033402,17.95417529167544,0.0
818,33.6248865411257,29.710800557811766,13.559525324757159,0.0
819,32.63698516369472,33.945332595558185,3.8845665417447064,0.0
820,31.892569515508796,31.94193882458375,12.517579951103663,0.0
821,30.148793224651115,30.656537661276694,15.561514657864132,0.0
822,34.166773803050354,31.016000588098148,5.550439468210035,0.0
823,30.421507578415394,32.7615771815383,1.6074288455026284,0.0
824,35.727195461836274,29.500942586151012,5.629820246057296,0.0
825,32.39902022409376,31.969020835547617,9.539159316686236,0.0
826,30.94511880818984,32.16587466458928,18.835904650311992,0.0
827,31.62522457900903,34.40951828408432,17.635100460255988,0.0
828,35.257770709031384,30.854227903777613,14.577431416907569,0.0
829,33.46285730846597,30.465053381719766,12.908005143996187,0.0
830,32.690129105801645,34.36373394099554,11.963336108251799,0.0
831,31.743358768487802,34.5047818261065,5.164288745346005,0.0
832,29.62739422856435,34.436081385158616,9.417586407288757,0.0
833,30.929550580744568,31.85093542839558,18.121742985384692,0.0
834,35.654884796081674,31.897084466068144,2.206714804105265,0.0
835,32.198886796176424,32.62020444163255,4.871060647944288,0.0
836,34.05740962839757,34.25877366950039,9.92500823088168,0.0
837,31.966737735389007,34.97158689372829,13.43319329733611,0.0
838,30.512102523068503,30.11049869829253,5.378233035733054,0.0
839,30.290159934613776,34.092590958842656,13.101840972785938,0.0
840,33.804051559655036,29.878346337811518,16.666254298449516,0.0
841,28.835518562442143,32.433595030083396,17.823612143389628,0.0
842,29.36050923151735,30.19094673125539,7.559940191309097,0.0
843,31.235528049228375,30.216870970997093,4.494879642195145,0.0
844,31.35146627440542,31.878424226835147,4.694023762420121,0.0
845,32.23539559317336,32.62985608513049,9.083150412493065,0.0
846,34.16987341388869,30.513079027872543,19.8336208546357,0.0
847,32.975574815159284,28.70206887933637,11.460709423286945,0.0
848,30.11991958948587,28.74824781666874,11.27512566383477,0.0
849,29.032113974304757,33.058335861741334,1.768415086461207,0.0
850,30.362376683584714,31.622594748859918,13.003020299506355,0.0
851,35.38072557148301,33.96117189715933,4.293147337503811,0.0
852,33.601011866938585,29.66936516527486,1.5005815469390678,0.0
853,30.194448616351533,33.099128615648596,6.241964990827033,0.0
854,30.68600918138087,32.161192759059254,12.844927513992669,0.0
855,33.70226789882213,28.02860643279716,3.2818531414534284,0.0
856,31.233439716815436,35.47897284171764,8.66844206432459,0.0
857,30.96079446368004,34.70420773349153,15.34512403825003,0.0
858,38.12856350822964,33.121332162929676,15.162805143136456,0.0
859,33.22997914323706,33.12146433840208,3.3350069570291407,0.0
860,29.317767389159446,30.162304676653473,12.777941315400842,0.0
861,30.129842736346113,30.269076094382726,12.442116359494483,0.0
862,34.73533133892186,33.23613628173784,19.467548278194617,0.0
863,29.993388549627014,32.332717283238914,2.395968547547956,0.0
864,33.43072385034949,30.5398062745279,12.344116562124896,0.0
865,34.81948825505485,31.40306846919124,4.777274732789566,0.0
866,33.21818274061509,33.51492329163217,8.848506853933571,0.0
867,31.428208305032705,30.613068435090625,9.619729731432678,0.0
868,32.36152599597307,31.38075969992184,1.2096246122381982,0.0
869,30.363824538867927,29.644132877393666,1.4770715487496227,0.0
870,34.19214780754202,31.8578400558366,17.211085324312712,0.0
871,30.58839774628351,34.16529647860671,1.5247197000088208,0.0
872,32.59438954531623,35.22215744924156,18.563835757146702,0.0
873,29.77236662605538,33.581839461317806,9.481667188122112,0.0
874,28.74032060992115,32.46608615458403,2.642814677718552,0.0
875,34.353967044446065,27.988901712778173,7.964289040598234,0.0
876,31.898454851277542,32.33792688953044,14.02495704927083,0.0
877,31.86848827906856,32.5722316110846,7.485657144943462,0.0
878,32.40498334188502,32.40598512895289,7.538724320534328,0.0
879,31.541766312534406,31.102556743191318,18.957706627386862,0.0
880,30.47492644152802,31.693506153574983,6.317215633286603,0.0
881,30.299605384903625,34.13725681506936,8.991187283306514,0.0
882,31.362051797246195,30.591525941216727,9.405128674595238,0.0
883,29.40389261834813,36.32535215487202,7.4430965786110255,0.0
884,32.86222407420398,30.851388686973504,1.8862874116319732,0.0
885,34.86867306626298,28.616424140449197,2.9854300544056716,0.0
886,33.69205541850829,34.84658194222929,14.725256761391337,0.0
887,31.397934405411203,29.890530899820007,9.687706702923087,0.0
888,29.522008466028556,32.74749470857588,14.866990087834028,0.0
889,33.471954155077206,33.069724247539085,11.082966375796628,0.0
890,33.69648982013292,33.03956161265737,12.781472332547754,0.0
891,32.976748801703565,32.88248816105072,18.518396651625302,0.0
892,35.18495298085267,30.360794296563324,1.5019959764877413,0.0
893,34.63976286589357,27.463827901672442,3.878238829343872,0.0
894,29.223012162465018,29.22674999145246,12.12766894885892,0.0
895,30.810429138421743,27.190439874800074,6.52684061531868,0.0
896,30.450284835922815,32.18095095939529,18.6824995620914,0.0
897,31.71026419105213,31.59447220586894,11.413665735183004,0.0
898,30.120835545722244,34.50368735185499,1.9084581592587624,0.0
899,35.12388789223965,28.263363320392273,17.818896963791076,0.0
900,32.491663546805526,33.05717969704697,14.692297604593488,0.0
901,32.442833540549515,29.171467328563153,5.247769550586314,0.0
902,30.044311227001305,32.44998603652499,8.079104613426018,0.0
903,34.506573387931816,31.678218138677863,3.4199243737911114,0.0
904,35.629079451015244,31.573031742255765,9.558805803527603,0.0
905,30.19658325718444,30.997886433716772,4.681997822690388,0.0
906,27.291783805323114,30.32114093321622,16.26235053876156,0.0
907,33.400974986647654,29.79315364919708,19.81092415315977,0.0
908,34.320960679162155,28.98108638601707,5.473801564408241,0.0
909,30.535431350367464,34.99508469534499,12.736833677139499,0.0
910,29.77284463189409,31.316586896727564,19.801179126354427,0.0
911,30.68034044303821,32.45886466478981,6.385725701089723,0.0
912,29.991630295070202,33.808112386072736,6.579147921444418,0.0
913,33.57058423562458,30.484940140211506,10.288798257932996,0.0
914,31.465513870337475,31.829045528433575,15.431868866138592,0.0
915,32.39234876259675,32.875506374760675,18.787521241267516,0.0
916,29.802867998102236,32.54690140914549,15.39372686987977,0.0
917,31.52088709128951,28.556123554276546,3.4170481176733336,0.0
918,33.032867765880056,32.27110178480346,7.595200733195397,0.0
919,33.95740321892384,33.18253980552255,6.310769639407106,0.0
920,31.451813438367562,31.271426649725452,2.591658876234997,0.0
921,31.57957716134292,30.041982735061335,2.0092512400505913,0.0
922,31.728448753150793,29.20536861674231,16.49908775779783,0.0
923,33.2056917380616,34.89021750583944,19.54959069385576,0.0
924,30.32079573222782,34.691085338562864,7.293758275744151,0.0
925,33.7313712979351,32.99343249021134,2.511803725458986,0.0
926,29.697547300898744,30.194349614005727,19.71627728734881,0.0
927,31.33859154592632,33.102465239662976,7.949321911333381,0.0
928,32.0454150158604,34.59961423412751,10.4493438869221,0.0
929,30.330202150011385,29.018641374401867,12.752295924534625,0.0
930,28.6398008748831,32.088196060477145,6.360317499463893,0.0
931,28.985964759558794,30.81784328753009,12.172728086323211,0.0
932,30.222263902262547,34.44533191514203,19.047078906752223,0.0
933,32.5227539065912,28.76733604576017,17.976508882442115,0.0
934,29.3557036309784,31.12658487137437,2.993330808011901,0.0
935,31.397431202641542,36.43433678184198,6.04116364253579,0.0
936,33.8004438411672,32.06170217717787,1.047566695880338,0.0
937,33.72665939717062,33.561068052139035,6.987127734879569,0.0
938,31.829608182275358,32.22835716090717,5.122198452562678,0.0
939,29.737640334566272,31.313879721299017,19.790843648846614,0.0
940,36.499906669967196,32.04573330579881,2.7820413082529156,0.0
941,30.418743534380013,32.83839071714911,18.147353782910233,0.0
942,35.86606491495029,27.048881398772224,16.6349947702775,0.0
943,32.97130179296166,29.508500601793852,6.519087274251672,0.0
944,28.124000831187974,33.09951664011628,5.8825232425210325,0.0
945,33.55498521869634,31.837730492926788,8.3525572602436,0.0
946,30.37825819038309,27.740271468621756,14.268643896514705,0.0
947,31.645385711212185,31.63753459864638,8.574360707351623,0.0
948,31.232349942853624,30.320320039380043,13.9608751369562,0.0
949,32.26044213829894,34.27568207608004,7.464943890501867,0.0
950,30.507354425466644,30.807432236033893,17.68209918368177,0.0
951,28.112194864245417,29.33228797988643,14.137773198785096,0.0
952,30.764567170335322,35.02151817045464,9.129606162274106,0.0
953,34.71555423312511,34.341054123646764,7.072627547860906,0.0
954,32.55428353524736,32.24375247203411,19.832543672222393,0.0
955,32.86762998422917,31.058792507724363,4.608077516804221,0.0
956,33.8376881864365,31.1917514513516,17.579899399771993,0.0
957,26.986734354990794,30.93314888319472,13.807691859425624,0.0
958,33.505466289184646,31.174623437638683,12.673388528757432,0.0
959,31.597237770479698,33.26687417773548,13.178642037519987,0.0
960,31.326866290993337,33.925362946480455,9.961982621355908,0.0
961,28.79275240256412,33.84602741522346,6.426337671017992,0.0
962,30.719892033755126,34.129014177200325,17.559195406341495,0.0
963,32.42226941828202,34.571447615757585,6.805365067499282,0.0
964,33.11471957979181,30.59302032001238,4.923157025275788,0.0
965,36.130707872057215,32.936903283546506,4.2217925146790325,0.0
966,34.392212792869245,29.65830538852895,15.399586039371504,0.0
967,30.892842401696203,31.031020631535316,12.720662392829881,0.0
968,31.09701752248507,32.57125321919287,16.564361019169937,0.0
969,31.793232434339657,32.527861671248886,5.158888505617116,0.0
970,31.82214987398868,35.721743361451175,15.37128616149239,0.0
971,29.77747415934395,31.563744203784783,4.730669411910713,0.0
972,32.1139094708148,36.05993720639553,1.4594128364855956,0.0
973,26.94055045211366,27.826687000936857,11.374443626839437,0.0
974,32.55655679482643,35.08214264508121,3.921705623211171,0.0
975,31.79840431842529,31.090891253740736,18.460473134423506,0.0
976,32.1228905449348,29.711660414615743,10.386128252353474,0.0
977,33.22229230506224,33.949716218251254,12.784982054188719,0.0
978,34.340917522370496,33.122979224015715,2.6253701457682324,0.0
979,32.06015196798262,33.19160198705472,14.471710436787454,0.0
980,33.51058085441582,32.25707934393031,3.387540163966902,0.0
981,29.210817349601484,32.36283690552314,3.8866066765736047,0.0
982,30.151438291803306,29.930504093693067,3.024486054506489,0.0
983,29.322911030296495,32.073563948987534,2.6363002305592844,0.0
984,35.65412310440443,30.641338421466912,9.587744566967277,0.0
985,33.20004768606658,31.68970563044529,19.401202901533185,0.0
986,29.51417685653714,32.433118423278614,2.474620822852652,0.0
987,29.136149682917523,33.501304866544345,18.612999312730125,0.0
988,34.074858737725485,31.72525837997803,13.375533659332335,0.0
989,28.2820000519249,32.48838283340215,14.077203491558514,0.0
990,33.701075899664964,30.974506736100942,16.23515651225368,0.0
991,31.987872124387575,33.988269587966116,6.711054447542172,0.0
992,31.055837821724904,30.37279594773182,7.339053917605648,0.0
993,32.7705780909196,32.80958141198833,11.96569543607462,0.0
994,29.83891553772169,29.89362515491382,6.1256353146879485,0.0
995,33.290500351257364,30.73402262610207,3.14573680076098,0.0
996,31.37113051106768,31.53819711370688,1.5741191836649566,0.0
997,30.963944318776335,34.093321981090114,17.780645246624438,0.0
998,31.711779071265966,30.951975744426626,15.961275119430418,0.0
999,34.726379558226014,31.62753894198777,6.670366219143239,0.0
